{
  "version": "4.0.0",
  "gauges": {},
  "counters": {},
  "histograms": {},
  "meters": {},
  "timers": {
    "justinb99.sampleapi.service.resource.v1.RateResource.getRate": {
      "count": 5,
      "max": 0.060111547,
      "mean": 0.012191818859479684,
      "min": 4.7139800000000004E-4,
      "p50": 7.29011E-4,
      "p75": 0.001134459,
      "p95": 0.060111547,
      "p98": 0.060111547,
      "p99": 0.060111547,
      "p999": 0.060111547,
      "stddev": 0.023427168766409573,
      "m15_rate": 0.005534013338277501,
      "m1_rate": 0.07867700624428321,
      "m5_rate": 0.016473907610628325,
      "mean_rate": 0.012918341715279709,
      "duration_units": "seconds",
      "rate_units": "calls/second"
    },
    "justinb99.sampleapi.service.resource.v1.RateResource.getRateJson": {
      "count": 5,
      "max": 4.8804800000000004E-4,
      "mean": 3.5614750210478415E-4,
      "min": 2.67395E-4,
      "p50": 2.92342E-4,
      "p75": 4.5692000000000004E-4,
      "p95": 4.8804800000000004E-4,
      "p98": 4.8804800000000004E-4,
      "p99": 4.8804800000000004E-4,
      "p999": 4.8804800000000004E-4,
      "stddev": 9.43804704189401E-5,
      "m15_rate": 0.005534013338277501,
      "m1_rate": 0.07867700624428321,
      "m5_rate": 0.016473907610628325,
      "mean_rate": 0.012918322199946541,
      "duration_units": "seconds",
      "rate_units": "calls/second"
    },
    "justinb99.sampleapi.service.resource.v1.RateResource.getRateProtoBinary": {
      "count": 5,
      "max": 0.0031213720000000003,
      "mean": 0.0010543392848448932,
      "min": 4.3139000000000003E-4,
      "p50": 5.65139E-4,
      "p75": 6.977190000000001E-4,
      "p95": 0.0031213720000000003,
      "p98": 0.0031213720000000003,
      "p99": 0.0031213720000000003,
      "p999": 0.0031213720000000003,
      "stddev": 0.0010140184650455528,
      "m15_rate": 0.005540151995103271,
      "m1_rate": 0.07995558537067671,
      "m5_rate": 0.01652854617838251,
      "mean_rate": 0.012918298026815322,
      "duration_units": "seconds",
      "rate_units": "calls/second"
    },
    "justinb99.sampleapi.service.resource.v1.RateResource.getRateXml": {
      "count": 5,
      "max": 0.025746797000000002,
      "mean": 0.005490550929835317,
      "min": 5.441210000000001E-4,
      "p50": 7.519540000000001E-4,
      "p75": 7.597830000000001E-4,
      "p95": 0.025746797000000002,
      "p98": 0.025746797000000002,
      "p99": 0.025746797000000002,
      "p999": 0.025746797000000002,
      "stddev": 0.00990295980953339,
      "m15_rate": 0.005540151995103271,
      "m1_rate": 0.07995558537067671,
      "m5_rate": 0.01652854617838251,
      "mean_rate": 0.012918280364470994,
      "duration_units": "seconds",
      "rate_units": "calls/second"
    }
  }
}